454,18,432,25,0.24413,0.37184,1.4005,2.1334,1.3724e+05
477,24,122,26,0.31317,0.28356,-0.12401,1.6222,28573
233,22,223,24,0.2428,0.32388,1.004,2.2076,75800
254,25,428,35,0.2274,0.28378,1.4928,2.6275,1.0105e+05
295,22,308,15,0.29237,0.28976,-0.075649,1.532,25217
347,35,395,14,0.21488,0.32008,-0.10929,1.7395,37730
146,38,266,11,0.29237,0.32587,-0.10309,1.4954,31150
222,30,194,33,0.29967,0.38914,1.2563,2.6468,99838
419,22,159,33,0.22058,0.3464,0.73668,2.0017,1.573e+05
290,36,211,30,0.22765,0.38778,0.67292,2.0227,98032
202,15,212,30,0.21099,0.36288,-0.040297,0.62238,4.0354e+05
323,14,268,11,0.23935,0.38025,1.2855,2.0119,64144
485,14,113,38,0.21021,0.26503,-0.0499,0.21941,5.4713e+05
165,20,270,27,0.28924,0.38375,1.3922,2.6107,1.1428e+05
328,34,122,15,0.30159,0.29327,1.3449,2.928,1.2876e+05
381,29,475,34,0.29273,0.28291,2.3905,3.8172,1.1386e+05
376,17,478,29,0.23726,0.38764,-0.015275,0.39055,5.7968e+05
448,31,328,27,0.27472,0.32251,1.676,2.8452,1.1777e+05
113,32,409,26,0.21496,0.27246,-0.038815,2.7096,40220
124,27,216,35,0.28663,0.37467,1.3297,3.1544,1.2364e+05
310,14,138,21,0.24479,0.26525,1.109,2.5155,99857
246,18,448,36,0.28084,0.3783,-0.04546,0.31098,3.1884e+05
314,15,239,20,0.24316,0.3673,0.94019,1.8236,93419
381,34,365,30,0.23182,0.31239,1.1938,2.2767,1.063e+05
236,40,244,11,0.27883,0.34777,-0.10503,1.3986,30314
490,20,166,21,0.20956,0.30656,0.65329,1.7229,66883
359,37,345,23,0.28816,0.29028,-0.078137,1.9147,33616
478,15,132,19,0.28664,0.37286,0.76298,1.767,94871
356,34,480,34,0.26751,0.27307,-0.040138,2.3624,37307
123,18,350,14,0.31375,0.37997,2.5754,3.7877,1.3962e+05
270,12,211,35,0.24942,0.34906,-0.039996,0.34049,3.5207e+05
290,15,300,34,0.29862,0.28489,-0.043702,0.25114,3.1676e+05
482,30,379,31,0.30959,0.34184,2.3905,3.6008,1.1988e+05
328,30,418,22,0.22873,0.39193,1.2404,2.1128,1.071e+05
114,27,305,36,0.23845,0.30545,1.3262,2.89,1.0569e+05
421,14,134,16,0.22845,0.32046,0.62466,1.751,63703
235,30,368,16,0.30742,0.32768,-0.074178,1.4654,28172
224,10,221,39,0.28058,0.26899,-0.0095434,0.12487,3.2565e+05
309,13,481,23,0.24545,0.33407,-0.054566,0.20212,1.2636e+05
332,39,316,28,0.25978,0.32035,1.3461,2.5466,1.2443e+05
356,17,156,32,0.26121,0.28602,0.028997,1.0877,1.5724e+06
322,38,465,31,0.24903,0.27691,-0.045387,2.5206,40731
110,26,123,23,0.25482,0.27954,1.1934,3.6307,97598
274,24,225,29,0.30344,0.38607,1.2424,2.635,1.1463e+05
189,17,191,15,0.24257,0.33352,1.0481,2.1693,65870
378,36,447,29,0.28377,0.27358,-0.057428,2.1341,35897
358,22,448,18,0.29304,0.36999,2.4722,3.6742,1.2534e+05
268,12,445,26,0.31103,0.32411,-0.063646,0.13063,75031
456,20,194,27,0.26514,0.38077,0.92113,2.0543,1.311e+05
330,34,243,32,0.25144,0.28732,1.3273,2.8263,1.0523e+05
123,18,350,14,0.31375,0.37997,2.5754,3.7877,1.3962e+05
358,22,448,18,0.29304,0.36999,2.4722,3.6742,1.2534e+05
482,30,379,31,0.30959,0.34184,2.3905,3.6008,1.1988e+05
490,20,193,24,0.26664,0.36161,0.92431,2.0435,99726
244,31,210,34,0.30165,0.33366,1.7356,3.6811,1.13e+05
311,29,266,32,0.23424,0.37505,0.83996,2.0163,97742
400,21,316,25,0.23542,0.2698,1.5626,2.693,74287
272,24,456,27,0.28193,0.38369,2.2067,3.0152,1.0502e+05
296,22,224,33,0.29876,0.32495,1.8185,3.3945,1.2705e+05
363,23,420,28,0.22715,0.28351,-0.039543,2.6389,41345
209,32,323,34,0.27513,0.32292,1.5774,2.9589,1.1392e+05
360,22,252,14,0.2978,0.37917,2.4707,3.7859,1.1012e+05
333,19,167,39,0.23951,0.30412,-0.012364,0.71093,1.1363e+06
379,35,345,27,0.21924,0.29142,1.1461,2.2382,99423
273,28,350,15,0.22982,0.28383,-0.094916,1.7938,30922
379,17,439,38,0.23678,0.37876,-0.04483,0.38571,4.8882e+05
408,28,416,28,0.23822,0.37078,1.214,2.1613,99762
244,14,273,27,0.21113,0.27699,-0.021765,0.63092,4.47e+05
350,27,383,13,0.26561,0.3201,-0.083572,1.5206,32900
352,23,228,25,0.29434,0.27373,2.2295,3.8625,85267
255,23,269,38,0.25839,0.28396,1.5668,3.2085,1.7844e+05
361,10,291,34,0.25479,0.3157,-0.033731,0.13416,2.7162e+05
215,18,434,36,0.23784,0.29515,-0.034795,0.35116,4.3386e+05
137,19,380,24,0.22281,0.30393,-0.040076,1.4344,25813
247,25,166,21,0.23209,0.30678,0.80315,2.0962,77102
351,17,405,33,0.25661,0.27684,0.015368,0.43656,5.2817e+05
372,32,340,27,0.26863,0.32274,1.6364,2.7847,1.1696e+05
173,23,151,34,0.22215,0.27826,-0.12254,1.5722,37667
326,21,206,20,0.30604,0.29286,2.3741,3.8992,87132
326,14,136,18,0.24608,0.2646,1.0768,2.3847,71106
456,23,241,26,0.26475,0.3689,0.95573,2.0782,99913
343,33,206,25,0.23166,0.32036,0.82327,2.0658,94312
208,34,365,16,0.22918,0.32806,-0.10132,1.6759,33974
338,26,244,24,0.24326,0.32567,1.0171,2.1594,87057
311,19,399,32,0.29126,0.35788,1.5352,2.8067,5.9022e+05
116,29,225,34,0.28563,0.38615,1.2515,2.9045,1.1522e+05
189,32,190,12,0.23221,0.35337,-0.10577,1.4054,26799
127,13,253,19,0.29234,0.37696,1.2792,2.355,1.5971e+05
484,37,247,21,0.28721,0.37499,1.257,2.4497,1.3516e+05
379,32,489,35,0.22318,0.28276,1.5204,2.564,98744
186,21,225,10,0.25556,0.3247,-0.084915,1.1832,21718
382,34,365,31,0.23182,0.31239,1.1882,2.2808,1.0602e+05
114,27,307,36,0.23845,0.30545,1.3306,2.8879,1.0555e+05
214,12,187,10,0.24664,0.38147,1.2591,2.0091,51730
458,16,130,18,0.28708,0.37318,0.74036,1.7206,75788
207,37,167,37,0.25144,0.28732,-0.12054,1.791,33686
343,34,233,31,0.23761,0.32201,0.96961,2.2932,1.0158e+05
235,18,452,37,0.28098,0.37836,0.017748,0.32897,1.5358e+05
252,25,424,36,0.22749,0.2839,1.4665,2.6215,1.0737e+05
356,17,155,31,0.2612,0.28601,1.0405,2.546,9.2431e+05
123,18,350,14,0.31375,0.37997,2.5754,3.7877,1.3962e+05
358,22,448,18,0.29304,0.36999,2.4722,3.6742,1.2534e+05
272,24,456,27,0.28193,0.38369,2.2067,3.0152,1.0502e+05
356,15,228,25,0.25083,0.27427,1.3708,2.6448,2.3282e+05
342,21,232,31,0.23148,0.32151,0.95444,2.1383,1.3689e+05
225,32,265,38,0.29048,0.35576,1.5282,3.1222,1.1767e+05
258,22,195,26,0.28305,0.37943,0.9792,2.3202,98888
273,23,228,25,0.29813,0.26715,2.3341,4.1867,87444
209,25,410,16,0.21335,0.27116,-0.084296,1.8575,29516
364,18,162,30,0.27594,0.35903,1.0479,2.2454,2.0347e+05
175,17,352,26,0.22733,0.38235,0.93,1.9241,1.4783e+05
138,24,423,27,0.2627,0.32828,-0.05134,1.5396,30182
372,29,422,28,0.22919,0.36785,1.1544,2.0835,99287
127,13,356,31,0.22367,0.27924,-0.064112,0.18628,71825
255,29,248,31,0.25797,0.32771,1.209,2.5584,97458
498,29,101,32,0.30961,0.29738,-0.095907,1.1182,28545
294,29,458,17,0.25748,0.39179,-0.078403,1.3369,32642
227,13,367,34,0.22669,0.31757,-0.016554,0.22238,3.034e+05
322,16,397,32,0.2929,0.36046,-0.021427,0.41207,3.3002e+05
321,33,186,30,0.24655,0.36777,0.81642,2.2939,1.0025e+05
251,31,287,31,0.26129,0.34455,1.1387,2.3906,1.0791e+05
113,14,338,18,0.30078,0.37309,-0.052192,0.3402,91548
241,24,265,40,0.25823,0.28686,1.5443,3.3438,1.9568e+05
250,23,236,37,0.2393,0.28651,1.2348,2.9443,1.7461e+05
400,36,290,29,0.28348,0.32215,1.5247,2.8201,1.2453e+05
381,35,429,33,0.24887,0.36879,1.2423,2.2448,1.1657e+05
456,18,434,31,0.22221,0.37998,-0.0021471,0.62938,7.1339e+05
200,17,228,22,0.29731,0.33519,1.9395,3.2418,81597
499,14,313,24,0.26399,0.38597,0.015558,0.63047,5.8192e+05
149,35,311,28,0.24725,0.29632,1.4526,2.8813,1.1657e+05
133,27,305,35,0.24703,0.32204,1.3189,2.7428,1.0365e+05
113,21,402,14,0.31369,0.37916,-0.051758,0.92816,32158
296,22,224,33,0.29876,0.32495,1.8185,3.3945,1.2705e+05
302,19,341,15,0.30714,0.27579,-0.057499,1.3874,24333
212,27,311,22,0.28992,0.38214,1.7875,2.8531,1.1371e+05
288,21,226,34,0.30234,0.32498,1.8184,3.4967,1.5893e+05
233,34,353,27,0.24234,0.27958,1.6557,2.9361,1.1316e+05
335,29,382,14,0.2402,0.36716,2.0741,2.8648,1.3727e+05
490,20,193,24,0.26664,0.36161,0.92431,2.0435,99726
339,26,226,26,0.22607,0.32512,0.83421,1.991,82479
417,30,182,24,0.2687,0.33673,0.94786,2.2446,97015
112,28,283,36,0.23845,0.30545,1.2769,2.9424,1.0436e+05
135,10,126,10,0.24662,0.38147,0.74801,1.6638,40262
111,24,187,36,0.28683,0.38643,1.2702,3.0869,1.3678e+05
464,14,132,13,0.29434,0.27373,2.0734,3.6292,65489
250,30,208,34,0.30165,0.33366,1.7375,3.6903,1.094e+05
251,23,266,39,0.25839,0.28396,1.5069,3.2451,2.1441e+05
189,33,354,36,0.2751,0.32294,1.7155,3.0997,1.1513e+05
213,12,187,10,0.24664,0.38147,1.2588,2.0088,51783
368,22,266,13,0.30155,0.38228,2.2231,3.1274,1.0136e+05
123,18,350,14,0.31375,0.37997,2.5754,3.7877,1.3962e+05
358,22,448,18,0.29304,0.36999,2.4722,3.6742,1.2534e+05
272,24,456,27,0.28193,0.38369,2.2067,3.0152,1.0502e+05
327,28,343,36,0.23528,0.36697,0.99746,2.0875,1.1883e+05
373,31,225,23,0.29641,0.3226,1.5626,2.9335,1.141e+05
213,24,233,33,0.29929,0.36369,1.5365,3.0757,1.2082e+05
138,29,313,29,0.24704,0.2904,1.4903,2.9358,1.0067e+05
400,36,290,29,0.28348,0.32215,1.5247,2.8201,1.2453e+05
223,33,265,38,0.28013,0.29393,1.7954,3.7005,1.1485e+05
129,19,312,35,0.26457,0.33306,1.0859,2.4378,6.2482e+05
236,26,394,29,0.24409,0.34266,1.4118,2.4218,88009
353,34,323,26,0.24658,0.31998,1.276,2.384,1.0865e+05
356,26,448,31,0.30429,0.31725,2.4735,3.7632,1.1802e+05
295,21,312,34,0.29356,0.32192,1.8812,3.2588,1.6217e+05
252,16,463,21,0.27954,0.35722,-0.0050376,0.34848,1.3914e+05
289,25,304,36,0.29409,0.31626,1.9636,3.412,1.2612e+05
256,28,250,36,0.26103,0.28153,1.5751,3.3414,1.0481e+05
114,34,355,25,0.31236,0.31089,-0.060466,1.7943,37225
299,24,207,26,0.25797,0.36689,0.88509,2.1159,88222
175,25,179,36,0.28416,0.27638,-0.12442,1.7436,41530
275,22,227,35,0.29879,0.32952,1.7577,3.4355,1.5187e+05
450,15,237,28,0.22699,0.2698,0.018555,0.72485,6.4727e+05
297,24,239,27,0.25119,0.32974,1.0657,2.2717,86406
293,28,452,26,0.28688,0.38431,2.2856,3.1164,1.209e+05
381,35,256,35,0.26131,0.33346,1.2085,2.5759,1.1222e+05
242,20,279,31,0.26231,0.34772,1.1948,2.3751,1.5053e+05
285,14,297,28,0.27901,0.32328,-0.0032307,0.48441,3.4225e+05
389,24,458,26,0.29404,0.3644,2.3885,3.3712,1.126e+05
474,31,290,28,0.26563,0.34931,1.1512,2.2885,1.0872e+05
228,35,351,19,0.31048,0.32222,-0.073827,1.5564,30641
284,30,156,24,0.29847,0.28103,1.7906,3.9177,1.1178e+05
461,31,376,33,0.27675,0.36941,1.4007,2.4901,1.1259e+05
408,28,405,23,0.23138,0.37065,1.2505,2.1922,1.0317e+05
129,37,266,28,0.24657,0.27435,1.4523,3.2382,1.202e+05
413,37,312,29,0.29179,0.29708,2.2002,3.5795,1.424e+05
152,21,322,32,0.30419,0.37966,1.7677,3.0347,1.4406e+05
252,24,212,14,0.28604,0.38259,1.3283,2.5437,1.0207e+05
356,24,266,12,0.30222,0.29013,2.522,4.0205,1.154e+05
123,25,286,34,0.26756,0.33797,1.4637,2.9176,1.0954e+05
342,29,420,29,0.2415,0.36697,1.2415,2.1961,1.04e+05
210,17,282,33,0.25533,0.34215,-0.0058119,0.57766,3.5991e+05
418,37,329,32,0.27968,0.31905,1.644,2.9249,1.2876e+05
355,14,228,24,0.23943,0.27084,0.059549,1.0714,6.2266e+05
234,11,180,10,0.24663,0.38147,1.2477,2.0295,56676
230,32,194,35,0.3023,0.3299,1.7092,4.0417,1.12e+05
243,30,279,31,0.26129,0.34455,1.1358,2.4033,1.0317e+05
464,14,131,12,0.29434,0.27373,2.3378,3.861,66719
340,18,407,33,0.3067,0.29642,-0.0058689,0.53526,6.4981e+05
401,36,290,29,0.28348,0.32215,1.5246,2.8197,1.2453e+05
292,20,213,37,0.23928,0.28649,0.012733,1.6268,1.9795e+06
123,18,350,14,0.31375,0.37997,2.5754,3.7877,1.3962e+05
389,24,458,26,0.29404,0.3644,2.3885,3.3712,1.126e+05
293,28,452,26,0.28688,0.38431,2.2856,3.1164,1.209e+05
273,17,370,15,0.2314,0.30047,1.9372,2.9736,78960
277,12,337,31,0.30552,0.27961,-0.042958,0.24623,3.2955e+05
124,25,271,29,0.30204,0.34606,1.7768,3.2933,99822
435,36,227,30,0.29113,0.32117,1.4626,2.942,1.2223e+05
467,22,266,26,0.24552,0.27661,1.4144,2.6069,81218
296,29,109,23,0.29743,0.38809,0.82274,2.2025,83414
387,35,263,29,0.28191,0.31906,1.4455,2.7979,1.1962e+05
117,25,307,34,0.26958,0.3229,1.6518,3.1461,1.0576e+05
304,14,144,18,0.29257,0.35454,0.99337,2.2278,89342
340,24,457,27,0.281,0.36756,2.2183,3.0826,1.0596e+05
240,24,182,32,0.30032,0.36403,1.4436,3.4757,1.1919e+05
235,14,274,18,0.25634,0.32871,1.9314,3.0157,93289
214,22,322,33,0.30423,0.36661,1.7669,3.0575,1.468e+05
428,33,462,28,0.30556,0.32439,-0.065766,1.7562,33897
440,37,278,28,0.24695,0.27685,1.4011,2.7071,1.1118e+05
141,28,498,25,0.23425,0.36162,-0.071941,1.652,29868
111,32,284,28,0.2669,0.32019,1.413,2.9357,1.178e+05
419,24,417,15,0.29317,0.35373,2.4845,3.7408,1.3327e+05
279,36,368,34,0.28391,0.33049,1.8385,3.1215,1.3009e+05
428,16,342,31,0.28217,0.317,-0.019372,0.53127,6.45e+05
330,32,284,25,0.29275,0.27052,2.3394,3.948,1.2724e+05
301,24,305,34,0.30827,0.32321,2.1972,3.6617,1.2891e+05
490,31,153,32,0.25006,0.3673,0.84662,2.3541,1.0257e+05
327,34,436,24,0.27971,0.28375,-0.070254,1.9415,32994
313,28,354,23,0.29269,0.28891,-0.067467,1.7582,28255
179,26,188,34,0.29914,0.33926,1.6354,3.8359,1.1114e+05
368,29,309,29,0.26725,0.37581,1.1241,2.2428,1.0564e+05
217,31,296,27,0.24694,0.38099,0.88302,1.9943,1.0336e+05
322,37,351,30,0.24001,0.31063,1.2447,2.3962,1.1424e+05
254,27,363,26,0.28955,0.34344,2.2421,3.2898,1.1206e+05
212,27,251,26,0.29383,0.2792,2.2545,3.9654,1.1089e+05
275,23,228,34,0.28691,0.33033,1.594,3.132,1.2677e+05
462,19,309,13,0.29237,0.37366,1.8825,2.7215,87124
413,27,392,32,0.23976,0.36804,1.0967,2.08,1.06e+05
387,23,112,25,0.29379,0.3418,1.2415,3.1795,92003
418,24,443,26,0.23851,0.32816,-0.067316,1.9887,38726
415,24,245,21,0.29422,0.32302,2.0185,3.3092,1.0065e+05
376,30,337,28,0.29364,0.31603,2.2468,3.4818,1.2105e+05
274,26,456,25,0.28717,0.3844,2.3103,3.1184,1.1371e+05
133,16,240,35,0.30422,0.3797,-0.05205,0.21509,2.0794e+05
296,20,312,34,0.29357,0.32196,1.8724,3.2686,2.2757e+05
234,11,180,10,0.24594,0.38168,1.2429,2.0238,57208
378,26,242,11,0.30222,0.29013,2.5269,4.0272,1.2382e+05
212,23,233,33,0.29929,0.36369,1.5452,3.0752,1.2705e+05
454,33,483,17,0.29658,0.36798,2.5151,3.5421,1.6847e+05
466,28,394,33,0.27675,0.36941,1.4605,2.5119,1.1896e+05
469,27,399,29,0.27679,0.36931,1.6693,2.6985,1.0562e+05
454,33,483,17,0.29658,0.36798,2.5151,3.5421,1.6847e+05
123,18,350,14,0.31375,0.37997,2.5754,3.7877,1.3962e+05
274,26,456,25,0.28717,0.3844,2.3103,3.1184,1.1371e+05
255,17,371,15,0.26888,0.36464,1.9795,2.8502,1.0937e+05
464,32,263,27,0.25963,0.38105,0.90218,2.0452,1.0545e+05
176,22,279,26,0.30422,0.34514,2.0465,3.3987,90783
407,17,306,20,0.28862,0.36487,2.0026,2.9186,1.0341e+05
127,24,271,35,0.28599,0.34392,1.6639,3.226,1.2111e+05
242,23,363,34,0.2694,0.36588,1.3791,2.4826,1.44e+05
208,37,233,32,0.29005,0.38823,1.0493,2.5716,1.2406e+05
305,27,248,36,0.29857,0.30373,1.9915,3.7985,1.2074e+05
291,16,414,12,0.25179,0.38423,-0.027427,0.39164,1.4568e+05
149,30,239,31,0.30169,0.34645,1.5235,3.1697,1.1983e+05
143,27,305,30,0.28185,0.32167,1.8347,3.2765,99400
251,24,282,25,0.30924,0.32237,2.3907,3.7715,95914
126,28,490,26,0.29698,0.35804,-0.056089,1.4727,32330
330,22,135,26,0.28383,0.38138,0.97736,2.5568,97293
160,33,321,33,0.29586,0.36165,1.5294,2.9041,1.3026e+05
198,24,470,24,0.24218,0.32959,-0.058338,1.5484,27354
359,24,193,20,0.28528,0.39102,0.92804,1.8666,80308
423,27,394,13,0.2856,0.37452,2.4438,3.5969,1.5361e+05
286,36,293,33,0.29931,0.35328,1.5152,2.9087,1.3015e+05
119,28,283,20,0.26561,0.31871,-0.074778,1.6253,28252
328,29,285,29,0.2419,0.29432,1.2436,2.4812,95047
123,26,257,27,0.30318,0.34288,1.7958,3.3302,1.0876e+05
328,23,146,22,0.28669,0.389,0.7553,1.8159,73486
253,31,327,22,0.25588,0.33572,-0.083153,1.6869,29987
392,33,290,12,0.29679,0.28041,-0.091125,1.6302,29610
487,24,417,15,0.29348,0.36387,2.1895,3.1012,1.1875e+05
328,25,485,15,0.28925,0.36672,2.4405,3.5135,1.513e+05
359,28,262,29,0.28074,0.38307,1.0393,2.2492,1.0487e+05
462,27,301,24,0.29613,0.35004,2.0234,3.2173,1.1297e+05
198,22,434,17,0.29217,0.35148,-0.065158,1.3648,28426
443,37,309,36,0.27078,0.27393,1.8293,3.3502,1.2563e+05
462,34,404,39,0.30731,0.29184,2.4345,4.0583,1.2891e+05
430,33,393,33,0.2856,0.36716,1.6584,2.7647,1.2154e+05
318,30,233,26,0.29297,0.31792,1.5354,2.9641,1.107e+05
245,36,487,15,0.29226,0.32294,-0.072519,1.5727,36393
377,29,288,30,0.29261,0.30201,2.0908,3.4831,1.0647e+05
470,25,483,20,0.27707,0.36814,2.3355,3.3993,1.2593e+05
391,26,245,37,0.29487,0.36519,1.4641,2.8685,1.439e+05
273,30,219,30,0.29383,0.2792,2.0779,4.0353,1.1248e+05
497,10,499,11,0.28956,0.34348,-0.073058,0.12082,91974
471,30,410,34,0.2761,0.36836,1.4966,2.5341,1.1564e+05
455,33,483,17,0.2966,0.36788,2.5154,3.5436,1.6885e+05
463,18,311,13,0.29237,0.37366,1.8886,2.7571,88085
123,18,349,13,0.31375,0.37997,0.043772,0.74338,1.456e+05
273,17,370,14,0.2314,0.30047,1.9558,3.0212,84456
303,30,205,10,0.30222,0.29013,-0.10625,1.3986,25508
272,26,451,25,0.28723,0.38441,2.3064,3.1206,1.1318e+05
454,33,483,17,0.29658,0.36798,2.5151,3.5421,1.6847e+05
703,17,677,31,0.17316,0.12111,0.60915,2.4883,1.0689e+05
684,25,682,31,0.12639,0.12508,1.3397,1.8769,61150
703,21,707,32,0.19373,0.1231,-1.4195,3.3531,89448
673,15,716,31,0.14718,0.11294,-0.99356,3.0668,86079
711,22,712,30,0.2015,0.12502,0.18627,2.1481,89800
743,21,722,35,0.20187,0.10585,-0.36497,3.9249,1.2757e+05
669,23,670,33,0.19303,0.095242,0.85665,2.1289,88237
717,23,690,26,0.1755,0.090654,-2.4381,2.0086,67508
738,19,718,34,0.18301,0.091213,-3.2313,4.9414,1.2642e+05
664,15,716,26,0.16914,0.10067,-1.0858,2.673,1.0062e+05
692,19,673,29,0.12853,0.090312,-0.95071,5.2935,1.5379e+05
678,20,743,33,0.16805,0.094698,-2.1654,4.8207,1.4266e+05
682,18,661,32,0.18092,0.11837,-0.70004,1.9226,71826
685,17,691,28,0.14671,0.093618,0.40042,4.7404,1.8276e+05
738,22,733,29,0.14593,0.090818,0.61881,4.0436,1.2968e+05
741,18,673,26,0.20319,0.11734,-0.49941,2.85,81790
680,18,663,35,0.17499,0.092367,-1.5702,3.5314,89212
682,20,683,26,0.1779,0.12328,-1.5738,1.1902,49121
688,23,686,31,0.15057,0.091454,0.049762,5.4536,1.3067e+05
735,21,688,28,0.17818,0.10906,0.52684,3.7326,1.8853e+05
744,18,673,28,0.1474,0.10924,0.737,3.2418,96747
715,19,656,29,0.14529,0.11005,-2.2864,4.2369,1.0682e+05
731,17,730,28,0.19184,0.093881,1.3385,3.5716,93572
659,19,693,34,0.19142,0.099311,-2.1683,4.2604,1.1657e+05
667,16,712,27,0.20189,0.10134,-1.878,4.3388,1.1192e+05
739,18,733,26,0.167,0.10733,0.25471,4.0048,1.1144e+05
685,21,664,28,0.17269,0.096201,2.1202,3.0953,1.3824e+05
745,19,748,26,0.15118,0.09093,0.086975,4.168,1.3488e+05
713,23,738,27,0.17732,0.11442,1.1752,3.1964,82552
662,18,724,34,0.17402,0.10091,-0.66664,3.2772,80359
653,17,713,27,0.16812,0.10003,-0.77655,1.0217,34557
721,18,696,28,0.13123,0.099287,-1.0959,4.0802,1.4921e+05
666,18,673,28,0.18485,0.10931,-1.875,3.7045,1.1159e+05
726,16,729,32,0.15353,0.10563,0.86016,2.0657,60567
681,20,724,33,0.15765,0.11478,1.7355,3.6378,1.6319e+05
691,24,710,32,0.1259,0.09203,-2.4595,6.0721,1.3965e+05
703,20,716,27,0.14298,0.10624,-1.8261,3.3747,1.2369e+05
738,19,733,34,0.20049,0.12438,2.2165,3.1104,1.2293e+05
687,21,722,28,0.15943,0.11799,1.5746,5.4019,1.2986e+05
683,22,659,32,0.1335,0.096524,0.37383,2.7953,63073
704,15,728,34,0.20594,0.11612,-3.0488,4.5416,1.5397e+05
712,24,690,29,0.18883,0.1023,-0.10874,3.3766,1.1569e+05
704,24,728,29,0.19616,0.11197,0.092636,2.4491,82759
694,17,701,32,0.19569,0.10753,0.87122,2.7623,1.2236e+05
711,21,713,26,0.18967,0.10813,1.5836,4.4596,1.4623e+05
720,21,688,28,0.13347,0.11277,-1.5839,3.4823,71907
715,19,654,28,0.16361,0.1089,0.32977,4.2281,1.2307e+05
682,22,725,31,0.15993,0.11293,-0.8592,2.0828,42357
726,18,722,27,0.17116,0.11983,2.062,3.2264,1.0594e+05
731,23,742,28,0.15739,0.12544,0.23681,3.3531,1.4804e+05
728,17,659,34,0.13379,0.090053,1.0024,4.789,1.0852e+05
744,19,750,25,0.19445,0.095496,1.128,4.4678,1.1354e+05
712,25,736,27,0.13878,0.10723,0.51256,3.0315,53419
675,22,687,35,0.12597,0.10905,-2.4895,3.5297,80376
665,19,694,25,0.1811,0.12076,-1.8906,2.8541,82416
655,18,733,30,0.15574,0.11652,-0.73761,6.3435,1.7448e+05
674,16,670,34,0.12943,0.11481,0.28019,5.1872,1.8711e+05
726,19,707,31,0.16629,0.11253,-0.53697,2.458,45161
715,22,747,32,0.20432,0.10722,1.0303,2.5866,71534
651,18,714,29,0.1291,0.10815,-1.4893,6.2153,2.2612e+05
669,24,664,31,0.19228,0.12499,1.5131,1.2401,55501
697,25,682,34,0.1862,0.12561,-0.11322,3.5035,1.2561e+05
726,25,658,27,0.18899,0.1179,1.6592,1.35,49742
730,22,658,28,0.19462,0.11696,3.4319,6.3033,1.8058e+05
735,18,670,25,0.20858,0.098293,1.6344,3.3345,80959
678,18,706,25,0.20579,0.10285,0.37644,3.8248,1.7085e+05
653,16,747,28,0.18318,0.10533,-0.1147,2.5091,85365
696,23,652,34,0.20224,0.11112,0.4708,2.6528,84950
689,22,741,29,0.18431,0.09762,1.6613,3.4188,1.4305e+05
679,22,663,33,0.16663,0.11767,-2.9358,6.0493,1.8841e+05
703,21,673,29,0.14737,0.12102,-2.2323,4.7483,89328
680,23,721,32,0.15972,0.091095,-1.069,5.6921,1.4528e+05
666,23,663,25,0.14864,0.098321,-1.0709,2.7465,80918
682,17,668,33,0.12812,0.10122,-1.4587,2.734,72330
743,19,744,26,0.1967,0.1051,4.3927,3.4847,1.1705e+05
726,21,714,33,0.17593,0.11944,0.87334,1.6241,52924
660,21,721,30,0.17287,0.10575,0.31188,3.2161,84165
676,17,679,31,0.17197,0.090489,-1.0169,4.3096,98590
709,24,727,34,0.14467,0.12114,1.2228,3.19,1.2818e+05
697,19,733,28,0.17302,0.12275,-0.3637,3.7099,1.3357e+05
695,19,710,26,0.17237,0.12242,-3.2085,3.2954,91336
672,24,739,30,0.16668,0.10702,-1.0353,1.5596,46352
733,19,734,30,0.13853,0.11969,1.1995,2.3232,84717
729,16,681,33,0.20436,0.12144,-1.5203,1.2295,41177
653,18,747,30,0.16202,0.095993,2.8894,4.2953,1.3321e+05
704,18,659,31,0.12743,0.11958,1.4581,4.2193,1.1573e+05
726,20,713,32,0.12612,0.094401,-2.2675,5.5189,1.4859e+05
710,21,691,31,0.15891,0.091751,0.24268,3.6824,1.4571e+05
708,23,747,29,0.13646,0.10309,-1.8154,4.3079,1.0057e+05
676,20,747,29,0.20837,0.098377,-0.71791,1.9531,66741
734,19,695,35,0.20306,0.12297,-1.942,3.0786,94126
727,19,717,31,0.14419,0.11526,1.7255,4.0305,1.4222e+05
651,24,697,29,0.14665,0.11995,-0.17434,3.8185,1.0417e+05
687,20,721,34,0.19292,0.10968,3.3346,3.6879,1.4777e+05
721,23,705,35,0.14483,0.1124,-3.703,3.5943,85180
674,24,744,30,0.1965,0.12028,1.1678,2.7929,1.1129e+05
738,19,687,26,0.201,0.09739,3.2219,4.9753,1.3926e+05
728,19,732,34,0.14731,0.10963,-3.4283,4.9816,1.429e+05
746,16,701,31,0.13213,0.098516,-0.97338,1.4918,47250
692,24,667,26,0.14771,0.11646,-2.7141,2.6726,67965
703,17,677,31,0.17316,0.12111,0.60915,2.4883,1.0689e+05
684,25,682,31,0.12639,0.12508,1.3397,1.8769,61150
703,21,707,32,0.19373,0.1231,-1.4195,3.3531,89448
722,19,733,32,0.15307,0.10535,-1.0642,1.5562,48031
653,16,692,28,0.17777,0.11291,-3.6984,3.1778,91151
672,23,675,26,0.20274,0.12004,-1.0663,3.7308,1.1974e+05
731,19,735,34,0.17861,0.11287,0.10294,3.091,1.0504e+05
735,17,748,33,0.15831,0.095471,-2.2487,2.9631,87989
684,24,658,32,0.18497,0.097271,-1.4106,1.2462,42354
718,23,733,28,0.1709,0.11452,2.6859,4.2219,1.131e+05
706,19,723,34,0.19074,0.099641,-0.72485,1.6881,59201
733,15,730,31,0.13005,0.10865,-4.5762,4.926,1.1761e+05
658,19,680,34,0.19977,0.098163,2.6821,3.2971,1.0462e+05
660,21,709,27,0.17873,0.10087,-2.6139,2.5851,70077
734,17,703,28,0.17202,0.094427,0.93337,2.3707,91026
681,20,739,34,0.17312,0.10696,0.49734,7.3344,2.1567e+05
738,17,691,28,0.13276,0.10415,-0.72519,4.3041,2.3936e+05
750,17,714,34,0.1839,0.1206,-1.5849,2.5887,1.0482e+05
671,22,734,27,0.15885,0.096634,0.22918,2.7184,65529
707,24,738,34,0.13896,0.11646,0.5229,3.6638,1.3547e+05
719,20,713,30,0.14537,0.094354,-1.3991,5.6027,1.229e+05
661,18,676,28,0.18605,0.1078,0.99551,3.5069,1.2902e+05
694,20,720,33,0.19433,0.10835,0.89649,3.4643,1.0478e+05
734,21,684,28,0.19597,0.10517,1.7242,2.7801,96607
658,18,714,33,0.13737,0.11231,-3.1235,4.613,1.2463e+05
726,17,679,31,0.16098,0.12024,1.2631,2.0013,66856
688,20,714,26,0.18232,0.10553,1.2628,3.0314,87702
731,21,715,31,0.13798,0.12291,3.1391,2.3577,86585
721,21,724,28,0.15801,0.11767,-1.5862,3.9475,1.0447e+05
684,20,697,34,0.19397,0.096442,1.9733,3.9565,1.3142e+05
733,17,670,27,0.20428,0.096346,-0.12174,3.8032,1.0832e+05
745,17,742,31,0.14278,0.090434,0.40629,3.3623,75463
684,20,714,31,0.19498,0.10718,0.48319,3.4123,92468
681,18,715,34,0.20665,0.11818,-1.3304,1.7201,62415
682,19,653,30,0.17501,0.12389,1.4731,1.319,39233
730,23,745,29,0.18915,0.10389,0.30464,2.8527,79551
701,16,726,33,0.17395,0.094696,1.1885,3.1049,69312
684,23,716,35,0.14541,0.09241,-1.4206,5.9686,1.4151e+05
718,18,711,32,0.17834,0.10604,-2.8012,4.0685,1.7503e+05
717,17,712,34,0.1435,0.10631,-2.9096,4.5034,1.3485e+05
713,23,723,31,0.17796,0.11443,-1.1532,1.779,57553
732,19,673,33,0.176,0.11832,-0.058319,2.6842,84286
680,19,718,32,0.19268,0.096286,0.54668,3.2628,1.0653e+05
712,22,732,28,0.13724,0.11973,2.9911,5.5991,1.1273e+05
680,18,729,28,0.18087,0.10427,-0.37716,3.9647,1.2828e+05
745,18,716,26,0.16876,0.11268,1.7061,1.4786,39679
672,22,748,29,0.19356,0.097372,-1.0536,4.3464,1.0758e+05
735,15,734,33,0.18292,0.11034,-2.8457,3.3868,1.0235e+05
687,19,721,33,0.18082,0.090156,-0.26134,3.5915,1.5308e+05
714,21,712,33,0.1593,0.12002,4.9446,3.8914,1.0595e+05
672,24,745,28,0.19325,0.096333,0.29908,3.1063,1.4157e+05
684,23,730,32,0.16871,0.094705,-1.3589,3.3839,94922
690,21,704,34,0.17044,0.11894,0.62684,2.624,55486
694,17,712,30,0.20283,0.11081,0.58191,2.2626,82432
665,23,682,31,0.20115,0.1041,1.8458,3.8164,1.1482e+05
681,19,744,35,0.19679,0.10012,0.35352,5.3136,2.1172e+05
732,25,671,34,0.20778,0.12002,-2.3658,3.1203,92536
680,19,729,33,0.15698,0.11722,-5.87,4.9345,1.2786e+05
735,19,723,35,0.20356,0.10478,0.59693,3.6232,1.3416e+05
749,20,713,31,0.18158,0.12331,0.045629,1.3661,56273
708,25,675,31,0.17976,0.11932,-0.61148,3.1182,1.0528e+05
662,20,727,28,0.19618,0.10879,1.3325,3.2428,86777
666,20,711,33,0.19034,0.095938,-0.20212,2.2984,1.1364e+05
742,21,719,25,0.16458,0.099346,-1.9148,2.5692,44977
715,22,680,31,0.15057,0.12154,1.3038,1.6463,47157
651,18,744,31,0.13896,0.10826,-2.732,4.7166,96740
728,21,685,31,0.19205,0.10792,3.2838,3.4417,1.143e+05
715,18,716,34,0.18277,0.12534,0.011168,1.3957,59420
729,16,719,32,0.18509,0.092441,0.43527,3.6802,1.4842e+05
678,23,659,33,0.18856,0.09174,-2.2287,2.232,57590
719,20,719,34,0.15026,0.10149,-0.37186,1.9607,54390
672,21,674,29,0.18408,0.09977,0.56855,2.6653,1.0867e+05
682,21,666,30,0.15551,0.09067,1.1255,3.4157,93349
700,23,738,34,0.13836,0.10757,-0.76515,4.1484,1.1368e+05
742,18,734,26,0.19604,0.10753,1.6743,3.3151,64231
707,16,726,28,0.1766,0.098105,-4.896,4.1842,1.2057e+05
669,20,715,30,0.1518,0.11144,-3.0201,3.9771,89036
727,18,737,29,0.17871,0.11235,-0.35389,3.1732,1.0298e+05
684,19,659,33,0.15343,0.099589,-2.4839,3.4613,88078
700,17,701,32,0.17291,0.10449,-1.0455,3.795,1.1168e+05
711,22,674,26,0.20157,0.11758,-2.6268,4.2964,1.3716e+05
742,18,673,25,0.20319,0.11733,-3.0858,4.4332,1.5029e+05
730,19,707,27,0.17109,0.11984,2.2664,4.1779,1.3344e+05
665,16,701,31,0.12943,0.11481,-1.2426,4.4083,1.4789e+05
668,22,670,34,0.19303,0.095242,0.70678,2.6435,1.0143e+05
693,21,675,27,0.17269,0.096201,-1.1193,4.6912,1.2177e+05
703,21,706,33,0.19373,0.1231,-0.90607,3.7546,1.3422e+05
740,19,734,26,0.1667,0.1072,0.10512,2.2133,36851
689,24,685,31,0.15059,0.091453,1.1331,5.8322,1.4827e+05
744,20,750,25,0.196,0.094903,-0.0006865,3.4092,1.1986e+05
682,20,743,34,0.16805,0.094698,-0.061507,4.3112,2.3768e+05
708,19,714,32,0.19569,0.10753,-0.77804,3.9531,1.5743e+05
745,19,685,27,0.14091,0.10343,2.5631,6.0481,1.5898e+05
661,18,666,27,0.18626,0.11025,-0.12735,3.8602,1.4678e+05
667,16,712,27,0.20189,0.10134,-1.2797,4.2236,1.2554e+05
739,22,733,28,0.14592,0.090818,-0.14894,6.3324,98364
743,22,723,35,0.20187,0.10586,2.3346,3.2368,1.041e+05
727,25,665,35,0.1862,0.12561,2.1077,4.0197,1.2937e+05
739,19,733,34,0.18741,0.1246,-0.031697,4.4072,1.5525e+05
733,17,657,35,0.13379,0.090053,-0.36516,1.9116,51061
703,17,677,31,0.17316,0.12111,0.60915,2.4883,1.0689e+05
684,25,682,31,0.12639,0.12508,1.3397,1.8769,61150
703,21,707,32,0.19373,0.1231,-1.4195,3.3531,89448
716,21,669,28,0.18499,0.099471,1.7937,3.4245,1.308e+05
684,20,738,34,0.16923,0.10571,-1.1697,4.157,1.3851e+05
713,18,683,32,0.18294,0.11707,-0.09067,3.1954,1.2978e+05
699,22,657,33,0.15537,0.09462,0.83845,3.239,60111
685,20,689,31,0.14153,0.10955,-3.6436,6.1236,1.307e+05
713,20,727,34,0.15136,0.10523,-3.6371,4.4989,1.1501e+05
713,19,715,26,0.13846,0.11988,-0.27302,3.7539,99609
712,21,699,32,0.19255,0.10562,0.37539,3.5363,1.5962e+05
732,19,734,33,0.17584,0.10513,-0.59959,3.3913,77640
697,18,728,29,0.18153,0.10544,-3.7708,3.555,68198
653,23,748,34,0.19174,0.12034,2.7177,2.7406,75340
706,20,732,34,0.19409,0.093154,-0.4931,4.0206,1.247e+05
676,21,728,27,0.19169,0.10034,0.067767,3.2524,1.0158e+05
718,19,720,29,0.16701,0.095338,-0.10275,2.1426,59992
714,18,710,33,0.13307,0.12438,1.4299,1.2883,39266
732,19,654,26,0.20104,0.11782,-1.0893,2.664,1.0693e+05
655,18,717,29,0.1915,0.096927,0.57796,2.8074,70449
653,20,733,28,0.16528,0.10882,0.90993,1.5845,57159
704,20,687,28,0.1561,0.12011,1.733,3.7105,72356
671,19,717,29,0.16761,0.11281,-3.3962,3.333,96795
651,18,713,33,0.15568,0.11802,1.9522,4.7255,1.2532e+05
703,17,728,28,0.20201,0.10993,0.24972,2.775,1.1715e+05
694,21,750,31,0.2019,0.097573,2.0531,2.685,99444
665,21,747,29,0.19628,0.10618,1.0389,3.094,99603
694,19,714,29,0.20414,0.11112,1.8433,2.4664,88934
730,22,686,34,0.13736,0.095248,-4.1754,5.8609,1.3934e+05
696,20,715,34,0.18193,0.11003,-1.4375,3.2149,75186
654,24,696,32,0.18605,0.12552,2.251,3.2147,73828
681,19,746,30,0.19722,0.10134,1.2994,3.9306,1.418e+05
686,19,710,28,0.18461,0.10509,-2.1243,3.6769,1.3137e+05
680,24,681,33,0.17198,0.12553,1.6937,1.9126,67272
693,15,704,33,0.20201,0.1238,-0.10464,4.2338,1.3667e+05
699,19,702,25,0.16868,0.11809,4.8298,4.4392,86365
653,18,673,29,0.13739,0.10788,-2.7561,6.0104,1.2534e+05
732,24,745,30,0.13078,0.10839,-2.6902,5.6186,1.4225e+05
679,20,726,31,0.19519,0.10869,4.0812,3.6349,1.0873e+05
749,23,711,27,0.1458,0.098401,-0.51898,1.7958,51402
655,20,711,28,0.17084,0.10071,-0.79092,5.6149,1.0877e+05
749,23,685,27,0.19963,0.097899,0.52966,2.6943,66416
717,19,715,32,0.1382,0.093103,-3.5085,4.5752,95457
701,19,656,33,0.20149,0.11798,-0.71842,3.5836,1.4458e+05
741,22,732,30,0.139,0.11723,2.4812,2.788,1.0376e+05
699,18,658,29,0.16118,0.098364,-4.8364,4.3265,1.2882e+05
736,17,714,33,0.13298,0.10501,0.8534,1.5827,43375
652,21,683,29,0.19324,0.11665,0.83454,3.2732,1.159e+05
690,21,722,27,0.18849,0.10749,-1.0331,3.4254,1.0191e+05
661,24,674,31,0.19567,0.11747,0.71253,2.1995,74509
730,24,733,28,0.13818,0.11497,0.48145,2.2334,45800
661,19,678,30,0.19611,0.10877,2.025,3.003,1.2291e+05
661,19,704,31,0.15241,0.10692,1.4861,5.6871,1.3668e+05
741,22,734,29,0.16249,0.1003,1.8123,4.2334,1.0451e+05
695,20,742,30,0.17674,0.11419,-3.5147,3.034,65021
719,19,722,32,0.15177,0.11282,-3.25,3.3479,77003
709,19,723,34,0.15971,0.10756,-3.4857,5.1642,1.4569e+05
744,17,676,26,0.19755,0.11865,-2.8104,3.3517,98253
714,16,660,33,0.15589,0.09477,0.2296,3.6348,92083
724,23,714,31,0.20232,0.094114,2.4123,4.7661,1.654e+05
723,20,724,33,0.15452,0.10375,-2.7723,4.7505,1.6031e+05
705,19,655,33,0.1948,0.099639,-2.2677,3.1542,99769
733,23,714,34,0.14433,0.12449,0.35976,2.0372,72724
725,20,685,31,0.14817,0.092435,-2.8372,5.2308,1.4455e+05
699,17,692,29,0.17361,0.11214,-0.038372,2.8982,1.714e+05
706,23,724,35,0.18355,0.096044,-1.2486,2.4924,75219
702,20,665,31,0.14937,0.097547,-0.98965,5.0752,1.1787e+05
738,23,721,29,0.18854,0.10351,0.25885,3.4841,1.1694e+05
686,17,666,33,0.16204,0.098173,-1.3582,4.9745,1.1824e+05
732,20,693,25,0.1503,0.11767,2.276,2.549,79795
724,17,739,32,0.16605,0.098438,-0.66465,4.6377,99003
695,22,674,26,0.20158,0.11983,-2.3818,2.9855,99163
672,17,722,33,0.18541,0.11287,-0.92021,3.2012,1.1298e+05
721,19,680,32,0.17903,0.095858,-2.7017,2.9701,97866
749,19,691,29,0.20692,0.096459,1.9257,3.4533,1.0727e+05
719,23,682,32,0.20695,0.10305,2.4131,3.441,74606
732,23,675,29,0.16219,0.12013,0.75416,1.5532,58703
673,19,716,30,0.17814,0.11412,-0.91675,3.6986,1.2802e+05
713,21,733,31,0.20238,0.10863,0.96635,3.2713,1.2724e+05
703,17,706,34,0.18841,0.12184,-1.539,3.4546,1.352e+05
711,20,708,32,0.17871,0.12306,-1.2677,3.6053,1.1582e+05
733,19,723,35,0.20356,0.10478,0.92476,3.2624,90060
658,20,680,35,0.1937,0.097475,1.1934,3.3064,1.0675e+05
683,24,659,34,0.18853,0.091751,-1.9195,3.0225,67147
672,24,674,26,0.20274,0.12004,-1.9161,2.6252,69051
660,21,718,27,0.19618,0.10879,1.9515,3.4161,1.0198e+05
735,15,733,30,0.13005,0.10865,0.41628,5.1703,1.8057e+05
718,17,729,33,0.20284,0.11079,-1.4664,3.2745,1.1258e+05
701,17,680,31,0.17431,0.12125,0.7505,1.6754,75364
660,17,675,27,0.18649,0.10813,-1.5618,3.727,1.2055e+05
681,18,718,32,0.19268,0.096286,-2.0875,4.3599,1.1295e+05
662,16,682,33,0.18105,0.10418,-3.2755,3.3399,1.0389e+05
732,18,735,34,0.17858,0.11287,0.062636,3.5297,81104
693,20,718,25,0.18232,0.10553,0.62094,2.1454,84595
680,19,729,34,0.15698,0.11722,-2.1619,3.3012,71137
672,24,746,27,0.19325,0.096333,0.044023,3.2254,1.035e+05
740,20,735,25,0.1667,0.1072,1.5738,1.5276,41336
723,19,749,34,0.15642,0.095142,-2.4598,4.1801,1.0067e+05
699,20,713,33,0.19433,0.10835,1.3661,3.0846,97018
668,22,669,35,0.20322,0.091839,1.2767,3.3008,1.1369e+05
703,17,677,31,0.17316,0.12111,0.60915,2.4883,1.0689e+05
684,25,682,31,0.12639,0.12508,1.3397,1.8769,61150
703,21,707,32,0.19373,0.1231,-1.4195,3.3531,89448
727,22,683,31,0.16264,0.097057,-1.6122,3.7944,1.1172e+05
683,19,728,28,0.18312,0.10502,0.43988,5.2224,2.1987e+05
716,17,659,34,0.15085,0.11948,1.3805,1.4427,51129
732,19,654,26,0.20104,0.11782,-1.0893,2.664,1.0693e+05
708,19,747,29,0.17699,0.10564,-0.050234,4.0763,1.5258e+05
697,20,692,28,0.15436,0.1191,0.64167,1.4959,33317
683,20,722,29,0.17188,0.11395,1.429,5.1726,1.5567e+05
704,18,693,35,0.16838,0.12119,2.04,3.2761,1.3513e+05
659,21,708,29,0.17393,0.10242,1.14,1.9757,62272
685,20,721,30,0.18717,0.11091,-0.65442,1.9401,86078
738,22,726,33,0.16436,0.10564,-0.44152,4.2919,1.809e+05
701,17,739,35,0.15168,0.12055,0.83193,4.5749,1.2825e+05
672,17,675,30,0.16092,0.098973,-0.84586,4.5956,1.1154e+05
735,18,714,33,0.13212,0.11179,-0.345,0.96817,27884
725,24,730,29,0.15711,0.096592,-1.8019,4.7271,1.4233e+05
693,20,708,34,0.17894,0.10991,-1.9636,3.1461,1.1223e+05
655,18,717,29,0.1915,0.096927,0.57796,2.8074,70449
675,20,737,34,0.171,0.10539,-1.9128,3.2108,1.0652e+05
713,25,743,31,0.14856,0.095136,-2.2782,5.8177,1.6387e+05
721,20,690,27,0.19158,0.1196,3.831,3.4937,1.1698e+05
702,21,658,32,0.15413,0.097756,-1.7143,5.0178,1.5289e+05
654,18,722,30,0.13922,0.1163,-2.6986,3.7632,1.1117e+05
735,22,730,31,0.19056,0.10911,1.0796,1.9223,73574
737,21,745,30,0.14419,0.096234,-0.99957,3.5689,1.0509e+05
673,17,748,33,0.17648,0.11038,-1.3796,2.6162,74239
749,19,722,32,0.15683,0.10459,-3.7819,4.6096,86938
665,21,733,30,0.1652,0.09104,-0.065261,4.9407,1.4865e+05
675,19,732,27,0.20036,0.1094,1.2897,2.3052,87047
696,23,650,30,0.20249,0.10519,1.0653,3.7479,98366
726,17,722,33,0.19937,0.10648,0.86111,4.2819,1.6043e+05
692,18,707,29,0.13285,0.10506,-1.9275,3.3842,99255
738,18,719,34,0.1854,0.11345,-0.033663,2.4117,90004
679,18,718,28,0.17718,0.095058,-3.9288,4.6448,1.171e+05
682,25,738,31,0.14083,0.10978,-0.84933,4.1276,1.197e+05
721,15,726,34,0.20243,0.11045,1.2798,3.5354,97102
714,18,676,33,0.17652,0.10331,-3.1225,5.4671,1.3233e+05
658,19,704,33,0.17651,0.10578,-1.2069,2.3204,78234
656,22,676,32,0.19513,0.11634,0.56232,3.0792,88942
729,19,710,29,0.17855,0.10507,-0.52712,2.8972,74601
739,18,746,34,0.20195,0.11732,-1.7493,3.1869,1.1244e+05
697,25,676,34,0.16152,0.11849,0.6544,1.4169,41570
661,19,719,33,0.15217,0.1162,-4.7026,5.4805,1.682e+05
717,22,685,29,0.16641,0.10807,-2.5126,4.0496,1.0625e+05
720,16,686,28,0.18377,0.095964,-3.2572,2.9922,89829
688,21,707,28,0.18462,0.10485,0.11893,3.2479,1.1232e+05
711,20,712,34,0.13424,0.12414,2.2415,3.0609,99672
702,19,708,32,0.15315,0.10163,2.1532,5.4339,1.0026e+05
715,21,702,32,0.19276,0.1197,0.37844,2.7568,85582
689,16,700,32,0.13884,0.12383,2.6784,2.1993,65848
686,20,702,30,0.18551,0.10481,-0.10232,3.964,1.2788e+05
716,17,722,32,0.20066,0.1113,-1.1062,4.0753,1.0719e+05
697,19,721,33,0.13342,0.1072,-3.5526,5.056,93851
687,20,707,29,0.15601,0.11218,0.34165,3.7242,1.3011e+05
709,17,722,34,0.17065,0.12155,0.78236,1.4191,59904
684,20,693,34,0.15311,0.090955,0.79193,5.8697,1.4363e+05
702,22,699,29,0.16049,0.106,0.19273,1.9317,79376
710,19,740,31,0.17651,0.11274,-0.060121,4.0265,1.5974e+05
724,21,734,34,0.17509,0.10573,-1.004,4.6362,1.256e+05
667,19,672,26,0.16241,0.11275,-1.0137,5.4806,1.545e+05
713,20,712,35,0.16735,0.11436,1.9143,3.1738,80104
700,18,721,27,0.13113,0.12278,0.90001,6.0698,1.0197e+05
697,21,675,32,0.17743,0.093833,0.44939,4.0181,91247
704,19,674,35,0.17687,0.10708,0.62782,2.5536,75848
727,23,716,30,0.13061,0.10617,-0.88271,4.0861,1.4889e+05
672,19,706,30,0.1676,0.11296,1.7059,4.2413,90870
698,22,748,31,0.18376,0.11765,-1.3688,3.5746,1.1354e+05
705,20,696,34,0.18857,0.094967,1.7827,2.5146,98329
681,20,742,30,0.20442,0.099379,1.3672,3.2656,1.3101e+05
703,19,745,28,0.13382,0.10531,-1.7464,4.4323,1.1318e+05
720,17,745,29,0.17395,0.1065,-1.5345,2.2973,68724
660,20,734,32,0.1528,0.10732,0.85641,2.3055,86550
684,20,712,26,0.14362,0.11135,-1.6064,4.1381,1.3449e+05
724,21,714,31,0.20238,0.11091,-0.83669,1.9883,71202
712,24,724,32,0.18387,0.099855,0.35905,3.2002,93040
710,22,739,31,0.18271,0.11245,0.28706,2.8387,86437
695,21,691,32,0.16372,0.096234,-3.2919,5.0005,1.2177e+05
666,18,739,33,0.15684,0.11815,-1.5982,3.4177,61076
658,20,694,33,0.18517,0.10936,-0.98032,2.4881,67930
714,19,709,34,0.13298,0.1244,0.785,1.5637,63857
750,25,675,25,0.14345,0.10159,-0.33183,1.6923,50375
664,21,748,28,0.19628,0.10618,2.3457,3.0321,68320
673,21,730,27,0.20327,0.093438,0.94481,1.6738,67488
710,20,697,28,0.20481,0.1084,0.74171,2.5438,95191
652,21,683,29,0.1946,0.1174,0.28802,2.2723,91874
682,19,747,30,0.19762,0.10096,1.0428,3.1528,1.3326e+05
712,18,684,33,0.18294,0.11707,-2.9029,3.6798,93476
679,25,680,33,0.17198,0.12553,0.78168,2.4167,1.124e+05
650,18,714,34,0.15552,0.11806,-0.9026,2.4301,65597
749,24,711,27,0.12682,0.090256,-1.3731,4.4672,92961
749,23,711,27,0.14537,0.098216,-0.34428,2.2515,47489
703,18,748,29,0.1973,0.10126,0.63331,4.3839,1.1268e+05
652,22,678,30,0.19324,0.11665,1.6175,1.3622,60066
705,24,725,35,0.18339,0.096026,-4.6595,5.3855,1.2309e+05
663,16,749,32,0.19722,0.10134,-0.4638,3.5147,89404
652,23,749,35,0.19174,0.12034,0.29804,3.1811,1.1147e+05
738,17,739,33,0.17584,0.10513,-1.8661,2.0654,44370
718,18,718,28,0.14361,0.092181,-0.26612,4.8946,1.5914e+05
703,17,677,31,0.17316,0.12111,0.60915,2.4883,1.0689e+05
684,25,682,31,0.12639,0.12508,1.3397,1.8769,61150
703,21,707,32,0.19373,0.1231,-1.4195,3.3531,89448
723,20,725,30,0.14097,0.095148,2.5596,5.2251,1.8489e+05
671,20,702,28,0.1915,0.10882,-0.2933,3.3179,1.021e+05
694,18,707,28,0.13172,0.11165,-2.5318,4.8626,1.3091e+05
681,20,731,30,0.14072,0.11474,0.0050154,2.3895,52064
724,16,701,34,0.15113,0.098925,-2.6555,5.1764,1.9705e+05
683,19,720,28,0.19063,0.11102,1.4862,2.6811,85704
673,23,740,35,0.1968,0.10874,3.3672,3.6315,1.1101e+05
715,24,729,30,0.13141,0.11632,-1.6442,3.4124,1.2887e+05
701,21,720,30,0.15487,0.096592,2.3114,5.0326,1.9605e+05
697,19,714,34,0.19133,0.10935,2.6839,3.4562,1.2298e+05
652,21,657,35,0.19544,0.11668,-0.10837,3.8947,1.371e+05
695,21,716,29,0.16952,0.10927,0.43841,5.6586,1.3744e+05
710,16,728,30,0.14057,0.11679,0.32682,6.1621,1.3213e+05
678,16,727,35,0.18203,0.11314,-0.30227,3.6673,1.4538e+05
672,17,700,33,0.17288,0.12447,1.6472,1.3997,50220
730,23,654,33,0.15331,0.11158,-0.39963,1.382,36559
689,24,728,32,0.15284,0.12364,3.0718,3.0469,87401
722,23,697,30,0.16017,0.097306,-0.91663,1.9866,69330
717,20,725,31,0.20335,0.11089,-1.6496,2.8275,1.1597e+05
739,18,727,33,0.13531,0.11298,1.88,2.6494,74673
692,20,736,31,0.15251,0.095088,0.4286,3.0745,80988
705,17,717,33,0.17067,0.11855,2.5584,2.1721,1.0009e+05
706,22,707,29,0.16047,0.11264,1.9902,3.0157,56742
721,20,717,32,0.15382,0.11456,1.4982,4.0173,1.3647e+05
675,17,721,28,0.19843,0.10331,1.8866,2.9501,81718
723,20,685,30,0.19187,0.1231,-0.19928,3.7683,96888
701,24,660,34,0.12733,0.12098,-1.1478,7.1839,1.6156e+05
703,20,651,32,0.15642,0.097268,-0.70554,1.6332,59828
701,18,728,29,0.17218,0.10375,2.9298,4.7153,1.5324e+05
714,17,656,33,0.14931,0.12185,1.1938,1.392,43603
664,22,725,27,0.15067,0.10605,-2.2557,3.5784,1.1214e+05
737,21,680,31,0.18278,0.094268,-4.6725,5.1193,1.0131e+05
694,18,711,31,0.13887,0.11506,-1.6297,4.8881,1.4646e+05
688,22,714,32,0.18399,0.11621,-0.51106,1.7526,64241
728,22,722,32,0.18796,0.10482,-0.17778,2.4423,78919
710,19,680,33,0.17709,0.10314,-3.1141,4.065,83084
728,19,698,33,0.15047,0.11918,0.99748,2.1743,1.0768e+05
713,19,729,25,0.15496,0.11068,-1.5122,4.9504,1.0392e+05
702,21,681,35,0.16806,0.097854,-1.3205,4.5631,1.1776e+05
729,18,737,34,0.13442,0.097037,0.83071,1.4481,61594
710,23,674,33,0.20227,0.12171,0.053726,3.6708,89522
695,19,734,32,0.15674,0.096479,-3.1242,4.8884,1.1905e+05
717,17,702,31,0.20219,0.11864,-2.3191,2.1412,82724
733,18,693,32,0.13613,0.098572,0.91403,2.5383,92875
682,21,746,28,0.18161,0.093859,-1.9754,2.5588,73009
694,19,676,33,0.15072,0.11555,0.31796,4.0107,1.7419e+05
675,20,715,33,0.17089,0.10827,-2.4625,4.3074,1.078e+05
708,22,665,27,0.19165,0.12019,0.72511,2.1592,87447
672,20,674,30,0.16092,0.098625,-1.011,6.948,1.3054e+05
738,20,724,33,0.16111,0.10611,-1.0694,4.1744,81535
681,21,736,31,0.16431,0.097198,0.044331,4.1464,71015
715,18,681,29,0.18369,0.10346,1.9629,3.2799,1.2566e+05
686,20,708,29,0.18604,0.10505,0.15904,3.3335,80248
684,25,694,30,0.19353,0.12456,0.44398,2.1744,79541
667,20,727,32,0.2069,0.1058,2.4628,4.066,98454
714,21,695,34,0.14853,0.095187,-4.3915,4.7789,89821
701,20,721,30,0.16527,0.11507,1.6581,1.8412,42054
700,15,737,28,0.20537,0.11669,-1.3302,4.0532,94956
737,18,749,33,0.14216,0.11975,0.75424,1.5229,52906
694,20,678,34,0.18426,0.11737,-0.91112,2.422,84481
680,20,666,27,0.13437,0.12472,2.1107,1.8575,66024
672,21,654,30,0.20722,0.10594,0.23743,2.9148,1.3834e+05
713,19,735,27,0.14609,0.10724,-4.6719,4.906,1.1904e+05
671,16,690,34,0.16808,0.10227,-0.84777,2.1272,73040
698,19,734,29,0.18256,0.10834,-0.32712,4.5806,1.3914e+05
695,19,722,32,0.15511,0.10527,0.22854,2.2047,65729
682,19,731,30,0.18235,0.11489,-0.20343,4.1578,1.2332e+05
695,18,690,27,0.14539,0.10512,-0.94025,1.8946,54500
721,19,685,25,0.20757,0.10417,1.6137,1.5961,44948
744,25,738,31,0.18817,0.10997,0.58496,3.5371,1.0532e+05
699,20,707,33,0.17788,0.10091,-1.5204,2.816,94794
678,20,681,31,0.149,0.090869,-1.4132,5.3844,1.6586e+05
694,19,689,30,0.16564,0.10563,-1.6181,4.9981,1.1378e+05
739,23,697,35,0.14439,0.10582,-0.078735,3.7121,56655
691,17,696,29,0.19088,0.12192,1.582,2.7018,67921
686,18,693,32,0.18545,0.10333,0.82557,3.6292,1.2221e+05
716,22,701,28,0.2025,0.12197,-2.363,2.9658,84539
698,21,727,30,0.13907,0.11874,0.76797,3.7127,1.1047e+05
748,25,748,26,0.13342,0.1072,-4.2186,4.3485,86487
740,17,739,34,0.20195,0.11732,0.057906,3.32,1.789e+05
675,25,699,32,0.12639,0.12508,1.7792,3.6556,97209
655,18,717,28,0.1935,0.10013,0.26516,3.3225,89553
739,23,729,34,0.16436,0.10564,-0.96477,3.8603,97031
709,19,698,29,0.20481,0.1084,2.5663,2.4623,98144
715,22,740,31,0.18271,0.11245,0.70198,3.9698,1.0236e+05
690,20,699,28,0.16722,0.12063,2.6351,2.7675,1.1038e+05
708,22,732,31,0.18717,0.11091,0.82768,2.7883,1.2247e+05
687,24,715,28,0.16646,0.10809,-0.93107,3.6373,95690
693,25,674,35,0.15485,0.11982,-0.24717,2.3857,44669
738,20,703,32,0.13212,0.11179,0.30549,1.5367,33161
673,17,749,34,0.17647,0.11038,-0.98224,1.3449,52364
683,25,681,32,0.1257,0.12563,4.3162,6.3183,2.6472e+05
714,17,707,35,0.16838,0.12119,1.5528,2.4603,1.4006e+05
734,17,715,34,0.13212,0.11179,-0.37602,1.3723,33697
692,21,709,34,0.17894,0.10991,-0.23039,3.5902,1.243e+05
656,22,673,33,0.19136,0.11684,0.47829,2.4246,65863
736,17,717,34,0.13212,0.11179,0.21958,3.5708,1.3509e+05
703,17,677,31,0.17316,0.12111,0.60915,2.4883,1.0689e+05
684,25,682,31,0.12639,0.12508,1.3397,1.8769,61150
703,21,707,32,0.19373,0.1231,-1.4195,3.3531,89448
696,19,716,31,0.19137,0.11138,0.67164,1.633,63995
717,23,697,29,0.16052,0.09706,-0.1325,3.6744,1.1947e+05
703,20,705,32,0.19202,0.12008,0.12388,3.4765,1.0929e+05
679,17,654,35,0.14201,0.10973,0.84177,2.1401,86102
681,20,671,33,0.1817,0.11859,-1.4072,3.9385,1.5023e+05
740,17,682,33,0.18434,0.093779,-2.9875,3.3765,1.0049e+05
720,16,723,31,0.19312,0.11038,2.4483,3.4773,1.5588e+05
750,20,720,31,0.14989,0.11136,1.4569,1.9479,43273
679,18,712,27,0.1983,0.10255,-1.818,4.4239,1.7699e+05
666,23,727,26,0.18786,0.10609,-1.5952,3.9434,2.1068e+05
656,22,665,34,0.20623,0.11257,3.5804,4.6545,1.1951e+05
717,20,729,30,0.1366,0.1142,-0.44003,1.338,36202
669,20,748,31,0.16717,0.10338,-1.1728,4.0319,1.1035e+05
696,21,740,32,0.15494,0.10685,-3.2038,4.2201,94407
669,19,726,26,0.1731,0.10562,-0.1391,1.7967,71156
681,20,693,30,0.13691,0.11571,-0.85989,2.0643,41064
707,21,732,34,0.15988,0.11269,-2.4918,3.6841,1.4564e+05
748,18,684,32,0.13561,0.12442,-0.23002,2.1494,49374
712,22,701,28,0.19621,0.11631,-2.471,3.8868,1.3927e+05
716,16,701,29,0.15074,0.10957,-1.871,3.8314,84347
693,19,736,35,0.15059,0.11447,-4.162,4.5704,1.1913e+05
711,18,691,32,0.1616,0.12052,1.5651,4.0563,1.1471e+05
693,23,687,30,0.13643,0.11621,1.5305,5.0508,1.2992e+05
695,17,662,28,0.12575,0.12178,0.59257,4.3076,1.858e+05
679,20,679,28,0.19211,0.10798,1.1364,2.1446,92350
721,20,727,33,0.14367,0.11164,0.23022,3.9452,99199
676,17,725,33,0.18134,0.11135,-0.79049,4.9922,1.2269e+05
744,22,664,33,0.20245,0.12006,0.41895,3.4966,1.2944e+05
675,22,693,31,0.2068,0.12108,1.0726,5.2844,1.6453e+05
707,22,729,29,0.16868,0.10003,0.28925,3.2658,74215
711,18,684,29,0.1835,0.10317,0.80105,3.2769,1.0388e+05
685,16,710,34,0.16857,0.10217,0.28194,5.6261,1.6417e+05
701,19,707,35,0.16366,0.11824,1.4546,3.9576,2.1414e+05
677,17,693,29,0.19781,0.10433,2.414,3.2683,1.0007e+05
689,24,721,31,0.17283,0.1034,-2.185,4.8488,1.6779e+05
666,19,714,29,0.19255,0.11011,0.75318,4.9466,1.6479e+05
700,22,741,34,0.14671,0.10158,-3.1411,5.4836,1.0704e+05
745,16,698,33,0.14412,0.10035,-1.762,3.0609,81625
696,17,750,34,0.17642,0.1165,-1.7953,1.6871,46606
707,18,715,35,0.2035,0.11735,-0.80871,3.9904,91769
704,16,715,32,0.17142,0.11621,3.1228,3.9895,1.5649e+05
668,21,726,31,0.16423,0.097858,0.89235,5.6574,1.8154e+05
710,21,717,33,0.13199,0.11436,-1.5609,4.7264,93032
718,20,707,33,0.19629,0.11437,1.3741,4.2442,1.3491e+05
651,21,728,34,0.13712,0.11358,-4.4847,4.8731,1.6304e+05
690,20,739,27,0.2085,0.11649,-2.0266,4.0731,1.0753e+05
669,23,744,28,0.17579,0.1086,-1.3469,2.9034,88403
686,22,724,33,0.18709,0.10943,0.65103,3.126,1.197e+05
697,22,703,31,0.155,0.097335,-2.1287,8.1507,2.6787e+05
700,20,699,32,0.1309,0.11955,0.49283,3.5736,77075
734,20,663,30,0.19182,0.12274,1.0932,3.1326,1.303e+05
724,23,717,32,0.17539,0.1072,0.83936,3.2453,1.3663e+05
680,19,722,31,0.14991,0.1175,-2.3577,2.5406,38268
667,23,717,30,0.20637,0.10345,1.9167,3.6078,1.1546e+05
700,21,664,32,0.15497,0.12231,-0.27912,3.7813,1.4647e+05
651,23,722,29,0.18856,0.10326,-1.0721,2.8515,78240
681,20,729,26,0.14998,0.10613,0.30293,2.8854,73868
734,24,710,30,0.16052,0.11369,-2.7908,4.3055,1.5684e+05
673,21,727,32,0.2057,0.10317,-0.111,3.586,1.2011e+05
722,25,682,30,0.17232,0.10988,2.2929,5.9713,1.8832e+05
723,19,727,30,0.13151,0.09928,-0.39469,5.7433,1.914e+05
699,20,740,33,0.15738,0.1094,-0.47086,3.612,1.4822e+05
686,22,731,31,0.1396,0.10581,-1.8971,5.4647,1.9029e+05
651,17,685,33,0.13277,0.10864,1.8457,3.4968,1.4104e+05
696,17,689,27,0.14545,0.11764,-0.64795,4.8353,1.2628e+05
701,18,708,33,0.15818,0.11446,-2.0808,3.6277,1.0265e+05
686,16,702,28,0.14871,0.11975,2.9037,4.4228,82052
702,22,731,32,0.14675,0.12207,0.72087,5.1991,93597
710,15,733,31,0.15805,0.11021,-2.3841,5.1271,1.6322e+05
683,20,709,33,0.1286,0.12427,1.9494,4.9142,1.2949e+05
696,23,707,28,0.16191,0.11526,-1.0376,4.1321,97234
683,18,704,27,0.1388,0.10578,-1.4707,2.0579,67968
715,19,730,30,0.14078,0.11496,2.5049,3.3849,1.4044e+05
704,21,675,26,0.17053,0.096363,-2.6763,4.8086,1.1468e+05
694,16,725,33,0.17806,0.11448,-1.6991,2.6673,1.1428e+05
678,18,724,34,0.13708,0.11184,5.49,5.0143,1.8515e+05
693,18,668,29,0.19702,0.11001,1.6488,1.6116,61947
672,21,722,31,0.18523,0.1089,-2.1761,3.4119,1.525e+05
699,22,709,33,0.19373,0.1231,1.0057,2.8637,1.2591e+05
672,17,700,33,0.17273,0.12447,2.3916,1.4109,65151
678,15,727,35,0.18253,0.11337,-0.11224,2.8657,1.0723e+05
724,19,685,31,0.19187,0.1231,0.18453,2.5039,68234
702,18,726,29,0.17639,0.10217,-0.76506,4.0777,1.5912e+05
695,20,735,29,0.18256,0.10834,-0.24433,4.5737,1.4558e+05
674,17,719,27,0.19843,0.10331,1.7038,2.8965,98900
726,18,658,30,0.19508,0.12124,0.80559,4.548,2.2831e+05
679,20,731,30,0.14072,0.11475,-0.56206,3.2093,46705
701,17,728,29,0.17223,0.10378,0.14842,2.3866,60057
748,25,748,26,0.13342,0.1072,-4.2186,4.3485,86487
689,19,720,35,0.19133,0.10935,0.53406,3.4351,1.3596e+05
688,21,720,28,0.16952,0.10927,1.4105,1.5807,45297
662,23,678,27,0.1915,0.10882,-1.524,2.739,70336
727,24,736,28,0.15487,0.096592,-0.25874,2.7178,1.0022e+05
723,19,725,30,0.14097,0.095148,-1.0152,3.7479,1.5511e+05
698,22,705,30,0.20335,0.11089,3.0536,3.5318,99063
721,21,717,31,0.15371,0.11461,0.56597,1.3263,37296
663,23,672,34,0.18402,0.11623,1.3134,2.9374,1.1595e+05
703,17,677,31,0.17316,0.12111,0.60915,2.4883,1.0689e+05
